Predictor,OR,CI_low,CI_high,p,SE_naive_CI_width,SE_cluster_CI_width,sig
organism_grp: Acinetobacter sp,2.123,1.681,2.681,2.685210442996139e-10,0.981,1.001,*
organism_grp: Coagulase-negative staphylococci,0.041,0.022,0.079,1.084453041690791e-21,0.058,0.058,*
organism_grp: Enterococcus faecium,0.336,0.273,0.414,9.602291777738165e-25,0.143,0.141,*
organism_grp: Klebsiella pneumoniae,2.091,1.829,2.39,3.617978168502991e-27,0.571,0.562,*
organism_grp: Other Enterobacterales,0.146,0.112,0.189,1.815885301626426e-46,0.082,0.078,*
organism_grp: Other enterococci,0.008,0.003,0.027,3.324297968825729e-16,0.024,0.024,*
organism_grp: Other non-fermenters,0.072,0.05,0.104,1.638068256208958e-45,0.055,0.054,*
organism_grp: Pseudomonas sp,0.244,0.204,0.291,5.195842781928212e-54,0.086,0.088,*
organism_grp: Staphylococcus aureus,0.541,0.425,0.69,7.380455566846711e-07,0.257,0.266,*
specimen_grp: Bal Fluid,0.686,0.531,0.886,0.003910947981854917,0.35,0.355,*
specimen_grp: Blood,0.711,0.612,0.827,9.793069833667888e-06,0.212,0.216,*
specimen_grp: Other,0.651,0.551,0.77,4.809039889128274e-07,0.209,0.219,*
specimen_grp: Pus / Abscess,0.413,0.333,0.512,9.232152896234916e-16,0.171,0.18,*
specimen_grp: Sputum,0.698,0.57,0.855,0.0005113048365954863,0.281,0.285,*
specimen_grp: Wound Swab,0.572,0.464,0.705,1.500042110484054e-07,0.237,0.24,*
unit_grp: Critical care,1.241,1.112,1.385,0.0001132001232048599,0.267,0.273,*
hai_grp: HAI,1.892,1.686,2.122,1.534648534424743e-27,0.429,0.436,*
