Organism,n,Class,Applicable phenotypes,Phenotypes observed,ANOMALY (observed but not applicable)
KLEBSIELLA PNEUMONIAE,2495,Enterobacterales,"CRE, ESBL, MDR","CRE(1688), ESBL(236), MDR(26)",
E. COLI,2090,Enterobacterales,"CRE, ESBL, MDR","CRE(418), ESBL(832), MDR(13), VRE(2)",VRE(2)
CANDIDA SP NON ALBICANS,1126,INELIGIBLE: fungus,—,MDR(1),MDR(1)
PSEUDOMONAS AERUGINOSA,944,Non-fermenter,MDR,"CRE(6), ESBL(2), MDR(289)","CRE(6), ESBL(2)"
ACINETOBACTER SP,630,Non-fermenter,MDR,"CRE(14), ESBL(1), MDR(510)","CRE(14), ESBL(1)"
ENTEROCOCCUS FAECIUM,521,Enterococcus,VRE,"CRE(5), VRE(214)",CRE(5)
CANDIDA ALBICANS,396,INELIGIBLE: fungus,—,none,
STAPHYLOCOCCUS AUREUS,381,S. aureus,MRSA,"CRE(1), ESBL(1), MRSA(149), MRCONS(1)","CRE(1), ESBL(1), MRCONS(1)"
INFLUENZA A,217,INELIGIBLE: virus,—,none,
MYCOBACTERIUM TUBERCULOSIS,210,INELIGIBLE: mycobacteria,—,none,
ENTEROCOCCUS FAECALIS,193,Enterococcus,VRE,"ESBL(2), VRE(3)",ESBL(2)
E. COLI (EAEC),144,INELIGIBLE: enteric-specific framework,—,none,
SALMONELLA TYPHI,139,INELIGIBLE: enteric-specific framework,—,none,
PROTEUS MIRABILIS,128,Enterobacterales,"CRE, ESBL, MDR","CRE(3), ESBL(35), MDR(1)",
E. COLI (EPEC),127,INELIGIBLE: enteric-specific framework,—,none,
SALMONELLA SP,124,INELIGIBLE: enteric-specific framework,—,none,
CLOSTRIDIUM DIFFICILE,117,INELIGIBLE: enteric-specific framework,—,none,
CANDIDA AURIS,111,INELIGIBLE: fungus,—,none,
ASPERGILLUS FUMIGATUS,105,INELIGIBLE: fungus,—,none,
ADENOVIRUS,91,INELIGIBLE: virus,—,none,
CANDIDA TROPICALIS,88,INELIGIBLE: fungus,—,none,
STAPHYLOCOCCUS (COAGULASE NEGATIVE),86,CoNS,MRCONS,MRCONS(7),
STENOTROPHOMONAS MALTOPHILIA,83,Non-fermenter,MDR,none,
CHRYSEOBACTERIUM INDOLOGENES,78,Non-fermenter,MDR,"CRE(6), MDR(32)",CRE(6)
ROTAVIRUS,78,INELIGIBLE: virus,—,none,
SERRATIA MARCESCENS,74,Enterobacterales,"CRE, ESBL, MDR","CRE(4), ESBL(5)",
E. COLI (ETEC),68,INELIGIBLE: enteric-specific framework,—,none,
PSEUDOMONAS SP,65,Non-fermenter,MDR,"CRE(1), MDR(11)",CRE(1)
STREPTOCOCCUS PNEUMONIAE,61,INELIGIBLE: phenotypes not defined,—,none,
ACID FAST BACILLI,58,INELIGIBLE: mycobacteria,—,none,
BURKHOLDERIA CEPACIA,57,Non-fermenter,MDR,none,
VIBRIO CHOLERAE,55,INELIGIBLE: enteric-specific framework,—,none,
RHINOVIRUS/ENTEROVIRUS,51,INELIGIBLE: virus,—,none,
PROVIDENCIA SP,50,Enterobacterales,"CRE, ESBL, MDR","CRE(3), ESBL(7), MDR(1)",
TRICHOSPORON SP,46,INELIGIBLE: fungus,—,none,
CANDIDA PARAPSILOSIS,42,INELIGIBLE: fungus,—,none,
ENTEROBACTER SP,40,Enterobacterales,"CRE, ESBL, MDR","CRE(4), ESBL(2), MDR(1)",
SHIGELLA SP,39,INELIGIBLE: enteric-specific framework,—,none,
CANDIDA SP,36,INELIGIBLE: fungus,—,none,
ELIZABETHKINGIA MENINGOSEPTICA,32,Non-fermenter,MDR,"CRE(3), MDR(5)",CRE(3)
E. COLI (EIEC),31,INELIGIBLE: enteric-specific framework,—,none,
CITROBACTER KOSERI,30,Enterobacterales,"CRE, ESBL, MDR",ESBL(2),
SALMONELLA PARATYPHI,29,INELIGIBLE: enteric-specific framework,—,none,
NO GROWTH / NO ORGANISM,26,INELIGIBLE: non-organism,—,none,
CANDIDA GLABRATA,26,INELIGIBLE: fungus,—,none,
CAMPYLOBACTER SP,25,INELIGIBLE: enteric-specific framework,—,none,
STREPTOCOCCUS AGALACTIAE (GROUP B),25,INELIGIBLE: phenotypes not defined,—,none,
HUMAN HERPES VIRUS 6 (HHV-6),22,INELIGIBLE: virus,—,none,
INFLUENZA B,21,INELIGIBLE: virus,—,none,
STAPHYLOCOCCUS EPIDERMIDIS,21,CoNS,MRCONS,"MRSA(2), MRCONS(1)",MRSA(2)
STAPHYLOCOCCUS SP,21,CoNS,MRCONS,none,
MORGANELLA MORGANII,20,Enterobacterales,"CRE, ESBL, MDR",ESBL(4),
ENTEROCOCCUS SP,20,Enterococcus,VRE,none,
STAPHYLOCOCCUS HAEMOLYTICUS,19,CoNS,MRCONS,none,
SARS-COV-2 / COVID-19,18,INELIGIBLE: virus,—,none,
(ORGANISM NOT NAMED),17,INELIGIBLE: non-organism,—,none,
VIBRIO PARAHAEMOLYTICUS,17,INELIGIBLE: enteric-specific framework,—,none,
NOROVIRUS,15,INELIGIBLE: virus,—,none,
PARAINFLUENZA 3,15,INELIGIBLE: virus,—,none,
PROTEUS VULGARIS,14,Enterobacterales,"CRE, ESBL, MDR",ESBL(1),
STREPTOCOCCUS SP,13,INELIGIBLE: phenotypes not defined,—,none,
GRAM-NEGATIVE BACILLI (unspeciated),11,INELIGIBLE: phenotypes not defined,—,none,
BURKHOLDERIA SP,11,Non-fermenter,MDR,none,
VIBRIO VULNIFICUS,11,INELIGIBLE: enteric-specific framework,—,none,
RESPIRATORY SYNCYTIAL VIRUS (RSV),10,INELIGIBLE: virus,—,none,
CORONAVIRUS (SEASONAL),9,INELIGIBLE: virus,—,none,
PLESIOMONAS SHIGELLOIDES,8,INELIGIBLE: enteric-specific framework,—,none,
GIARDIA LAMBLIA,8,INELIGIBLE: parasite,—,none,
PARAINFLUENZA 4,8,INELIGIBLE: virus,—,none,
ACHROMOBACTER XYLOSOXIDANS,7,Non-fermenter,MDR,none,
TRICHOSPORON ASAHII,7,INELIGIBLE: fungus,—,none,
E. COLI (STEC),7,INELIGIBLE: enteric-specific framework,—,none,
CRYPTOCOCCUS NEOFORMANS,7,INELIGIBLE: fungus,—,none,
CYTOMEGALOVIRUS (CMV),6,INELIGIBLE: virus,—,none,
RALSTONIA PICKETTII,6,Non-fermenter,MDR,none,
ACINETOBACTER LWOFFII,6,Non-fermenter,MDR,none,
KOCURIA ROSEA,6,INELIGIBLE: phenotypes not defined,—,none,
NORMAL FLORA / COMMENSAL,6,INELIGIBLE: non-organism,—,none,
STREPTOCOCCUS DYSGALACTIAE,6,INELIGIBLE: phenotypes not defined,—,none,
HUMAN METAPNEUMOVIRUS,5,INELIGIBLE: virus,—,none,
PARAINFLUENZA 1,5,INELIGIBLE: virus,—,none,
SERRATIA LIQUEFACIENS,5,Enterobacterales,"CRE, ESBL, MDR",none,
SAPOVIRUS,5,INELIGIBLE: virus,—,none,
KODAMAEA OHMERI,5,INELIGIBLE: fungus,—,none,
AEROMONAS,4,INELIGIBLE: enteric-specific framework,—,none,
ENTEROBACTER CLOACAE,4,Enterobacterales,"CRE, ESBL, MDR",none,
ASTROVIRUS,4,INELIGIBLE: virus,—,none,
STAPHYLOCOCCUS HOMINIS,4,CoNS,MRCONS,MRCONS(2),
CANDIDA KRUSEI,4,INELIGIBLE: fungus,—,none,
ANAEROBIC ORGANISM (unspeciated),4,INELIGIBLE: phenotypes not defined,—,none,
ACINETOBACTER JUNII,3,Non-fermenter,MDR,none,
E. COLI (EHEC),3,INELIGIBLE: enteric-specific framework,—,none,
ENTAMOEBA HISTOLYTICA,3,INELIGIBLE: parasite,—,none,
CHIKUNGUNYA,3,INELIGIBLE: virus,—,none,
LEUCONOSTOC SP,3,INELIGIBLE: phenotypes not defined,—,none,
MORAXELLA CATARRHALIS,3,INELIGIBLE: phenotypes not defined,—,none,
MORAXELLA SP,3,INELIGIBLE: phenotypes not defined,—,none,
STREPTOCOCCUS (VIRIDANS GROUP),3,INELIGIBLE: phenotypes not defined,—,none,
RALSTONIA INSIDIOSA,3,Non-fermenter,MDR,none,
MYROIDES SP,3,Non-fermenter,MDR,none,
HAEMOPHILUS INFLUENZAE,3,INELIGIBLE: phenotypes not defined,—,none,
ACHROMOBACTER SP,2,Non-fermenter,MDR,none,
ACID-FAST BACILLI (AFB) ON SMEAR,2,INELIGIBLE: mycobacteria,—,none,
ASPERGILLUS TERREUS,2,INELIGIBLE: fungus,—,none,
PARAINFLUENZA 2,2,INELIGIBLE: virus,—,none,
PROVIDENCIA RETTGERI,2,Enterobacterales,"CRE, ESBL, MDR",none,
PROTEUS SP,2,Enterobacterales,"CRE, ESBL, MDR",ESBL(1),
CITROBACTER SP,2,Enterobacterales,"CRE, ESBL, MDR",none,
COMAMONAS TESTOSTERONI,2,Non-fermenter,MDR,none,
GEOTRICHUM SP,2,INELIGIBLE: fungus,—,none,
MYCOPLASMA PNEUMONIAE,2,INELIGIBLE: phenotypes not defined,—,none,
GEOTRICHUM CAPITATUM,1,INELIGIBLE: fungus,—,none,
CANDIDA CATENULATA,1,INELIGIBLE: fungus,—,none,
BORDETELLA PARAPERTUSSIS,1,INELIGIBLE: phenotypes not defined,—,none,
ASPERGILLUS SP,1,INELIGIBLE: fungus,—,none,
FRANCISELLA TULARENSIS,1,INELIGIBLE: phenotypes not defined,—,none,
E. COLI (O157),1,INELIGIBLE: enteric-specific framework,—,none,
CHRYSEOBACTERIUM SP,1,Non-fermenter,MDR,none,
CITROBACTER FREUNDII,1,Enterobacterales,"CRE, ESBL, MDR",none,
DIPHTHEROIDS,1,INELIGIBLE: non-organism,—,none,
HUMAN RHINOVIRUS,1,INELIGIBLE: virus,—,none,
HISTOPLASMA CAPSULATUM,1,INELIGIBLE: fungus,—,none,
OCHROBACTRUM ANTHROPI,1,Non-fermenter,MDR,none,
PASTEURELLA CANIS,1,INELIGIBLE: phenotypes not defined,—,none,
PSEUDOMONAS PUTIDA,1,Non-fermenter,MDR,MDR(1),
NOCARDIA,1,INELIGIBLE: phenotypes not defined,—,none,
SCRUB TYPHUS (IgM POSITIVE),1,INELIGIBLE: phenotypes not defined,—,none,
SCEDOSPORIUM APIOSPERMUM,1,INELIGIBLE: fungus,—,none,
STAPHYLOCOCCUS LUGDUNENSIS,1,CoNS,MRCONS,none,
SPHINGOBACTERIUM SPIRITIVORUM,1,Non-fermenter,MDR,none,
SPHINGOMONAS PAUCIMOBILIS,1,Non-fermenter,MDR,none,
SPHINGOBACTERIUM SP,1,Non-fermenter,MDR,none,
STREPTOCOCCUS MITIS,1,INELIGIBLE: phenotypes not defined,—,none,
STREPTOCOCCUS CONSTELLATUS,1,INELIGIBLE: phenotypes not defined,—,none,
STAPHYLOCOCCUS PNEUMONIAE,1,INELIGIBLE: phenotypes not defined,—,none,
VARICELLA ZOSTER VIRUS (VZV),1,INELIGIBLE: virus,—,none,
