Month,Samples,HAI samples,HAI %,Centre line %,LCL %,UCL %,Signal
Apr-25,789,331,42,46.8,41.4,52.1,
May-25,809,333,41.2,46.8,41.5,52,Below LCL
Jun-25,754,375,49.7,46.8,41.3,52.2,
Jul-25,776,377,48.6,46.8,41.4,52.1,
Aug-25,833,448,53.8,46.8,41.6,51.9,Above UCL
Sep-25,749,372,49.7,46.8,41.3,52.2,
Oct-25,741,368,49.7,46.8,41.3,52.3,
Nov-25,753,395,52.5,46.8,41.3,52.2,Above UCL
Dec-25,742,350,47.2,46.8,41.3,52.2,
Jan-26,778,441,56.7,46.8,41.4,52.1,Above UCL
Feb-26,820,403,49.1,46.8,41.5,52,
Mar-26,824,341,41.4,46.8,41.5,52,Below LCL
Apr-26,854,322,37.7,46.8,41.6,51.9,Below LCL
May-26,721,260,36.1,46.8,41.2,52.3,Below LCL
